source,target
georgedim86,thomas_nikolaou
thomas_nikolaou,LeopoldHeinrich
thomas_nikolaou,GazpromEN
thomas_nikolaou,OPECnews
thomas_nikolaou,Equinor
thomas_nikolaou,NatGasWorld
thomas_nikolaou,SPGCIGas
thomas_nikolaou,tmarzecmanser
thomas_nikolaou,ftenergy
thomas_nikolaou,SStapczynski
thomas_nikolaou,JHuckstepp
thomas_nikolaou,TomLRodgers
thomas_nikolaou,icislng
thomas_nikolaou,GasTrading
thomas_nikolaou,gas_trading
thomas_nikolaou,ICISNBP
thomas_nikolaou,fucking_gasvols
thomas_nikolaou,Vestas
thomas_nikolaou,belenlfg
thomas_nikolaou,kalopisikat
thomas_nikolaou,eleni_georg
thomas_nikolaou,angelos7772
thomas_nikolaou,wsofiaw
thomas_nikolaou,aegeepatra
thomas_nikolaou,georgedim86
thomas_nikolaou,Bellowart
thomas_nikolaou,xrysanthopoulou
thomas_nikolaou,harristakas
thomas_nikolaou,Dimidais
thomas_nikolaou,NikolDina
thomas_nikolaou,GKokosidou
thomas_nikolaou,NGPAPANIKOLAOU3
thomas_nikolaou,voldronidi
thomas_nikolaou,Sagoum
thomas_nikolaou,billray13
thomas_nikolaou,Glue_R
thomas_nikolaou,MHobitaki
thomas_nikolaou,charalampis
thomas_nikolaou,cgkoros
thomas_nikolaou,NewYorker
thomas_nikolaou,tuvanbasardi
thomas_nikolaou,CKonispo
thomas_nikolaou,VideoChania
thomas_nikolaou,marata_e
georgedim86,gr8_d7
gr8_d7,jobmote
gr8_d7,dimitris_baltas
gr8_d7,manjiki
gr8_d7,EiriniKasti
gr8_d7,tsevdos
gr8_d7,kunadrzewna
gr8_d7,solemnphoenix
gr8_d7,pavlosVos
gr8_d7,giedriusr
gr8_d7,PantosPap
gr8_d7,panosktn
gr8_d7,CERN
gr8_d7,NASA
gr8_d7,alexiavrana
gr8_d7,ChaniaByNight
gr8_d7,VideoChania
gr8_d7,AntwnisAn
gr8_d7,Profitis13
gr8_d7,georgedim86
gr8_d7,amorphis_
gr8_d7,AgileGRmeetup
gr8_d7,desigink
gr8_d7,NSF
gr8_d7,ChemistryWorld
gr8_d7,ChaniaCiTY
gr8_d7,ForbesTech
gr8_d7,newscientist
gr8_d7,BBCScienceNews
gr8_d7,RWW
gr8_d7,biz
gr8_d7,NASAKennedy
gr8_d7,sciam
gr8_d7,john_jsmitho1
gr8_d7,iantoniadis75
gr8_d7,AsteroidWatch
gr8_d7,waltmossberg
gr8_d7,ericschmidt
gr8_d7,kevinrose
gr8_d7,BillNye
gr8_d7,TechCrunch
gr8_d7,thenextweb
gr8_d7,Nature
gr8_d7,sacca
gr8_d7,TEDTalks
gr8_d7,j_tzag
gr8_d7,thomas_nikolaou
gr8_d7,TEDchris
gr8_d7,timoreilly
gr8_d7,apod
gr8_d7,Discovery
gr8_d7,WIREDBusiness
gr8_d7,om
gr8_d7,ReutersScience
gr8_d7,NYTScience
gr8_d7,BillGates
gr8_d7,ScienceNews
gr8_d7,WIREDScience
georgedim86,wizopeCom
wizopeCom,Tesla
wizopeCom,ledaservos
wizopeCom,elonmusk
wizopeCom,StartupCEOHub
wizopeCom,MartinMagni
wizopeCom,Medium
wizopeCom,vixmediagroup
wizopeCom,SproutHunt
wizopeCom,TheAppHunt
wizopeCom,ConorWinders
wizopeCom,danshapiro
wizopeCom,kylerichter
wizopeCom,DanPitrowiski
wizopeCom,ProductHunt
wizopeCom,wecanmag
wizopeCom,jonasroenick
wizopeCom,DelacMatt
wizopeCom,deutschefisioon
wizopeCom,GoogleAdMob
wizopeCom,CNET
wizopeCom,Sam___Hurley
wizopeCom,Qualaroo
wizopeCom,googledevs
wizopeCom,GooglePlay
wizopeCom,Android
wizopeCom,Gizmodo
wizopeCom,Inc
wizopeCom,smashingmag
wizopeCom,EntrePROapp
wizopeCom,mashable
wizopeCom,lifehacker
wizopeCom,Entrepreneur
wizopeCom,thenextweb
wizopeCom,theRealKiyosaki
wizopeCom,Twitter
wizopeCom,TechCrunch
wizopeCom,TEDTalks
georgedim86,TwitterSupport
TwitterSupport,ellagirwin
TwitterSupport,emilycfortner
TwitterSupport,Subscriptions
TwitterSupport,HiCommunities
TwitterSupport,TwitterSpaces
TwitterSupport,TwitterBlue
TwitterSupport,verified
TwitterSupport,Nonprofits
TwitterSupport,TwitterUK
TwitterSupport,TwitterMovies
TwitterSupport,TwitterBooks
TwitterSupport,TwitterMusic
TwitterSupport,TwitterSF
TwitterSupport,TwitterKorea
TwitterSupport,TwitterTurkiye
TwitterSupport,TwitterIndia
TwitterSupport,TwitterComms
TwitterSupport,TwitterSports
TwitterSupport,TwitterBrasil
TwitterSupport,TweetDeck
TwitterSupport,TwitterAPI
TwitterSupport,TwitterSeguro
TwitterSupport,TwitterSafety
TwitterSupport,Twitter
georgedim86,KOOLFLY
KOOLFLY,LouboutinWorld
KOOLFLY,LouisVuitton
KOOLFLY,ZARA
KOOLFLY,Burberry
KOOLFLY,newlook
KOOLFLY,boohoo
KOOLFLY,hm
KOOLFLY,SerFotis
KOOLFLY,buldoza_gr
KOOLFLY,protothema
KOOLFLY,lefkef
KOOLFLY,Eleni_AlphaTV
KOOLFLY,georgiasin
KOOLFLY,JumpFromPaperHQ
KOOLFLY,polyvore
KOOLFLY,poppydelevingne
KOOLFLY,gr_aeo
KOOLFLY,GlafkisDolce
KOOLFLY,RoleMama
KOOLFLY,DiscoverGRcom
KOOLFLY,simplymeasured
KOOLFLY,sxsw
KOOLFLY,lollapalooza
KOOLFLY,coachella
KOOLFLY,WGSNAwards
KOOLFLY,laurettaroberts
KOOLFLY,MRPORTERLIVE
KOOLFLY,celebststyle
KOOLFLY,mywardrobe
KOOLFLY,BFC
KOOLFLY,MATCHESFASHION
KOOLFLY,Stylebop
KOOLFLY,NikkiMcClaff
KOOLFLY,Covetique
KOOLFLY,Ashleyebner_
KOOLFLY,farfetch
KOOLFLY,YBDfashion
KOOLFLY,stylelove
KOOLFLY,BarneysNY
KOOLFLY,NETAPORTER
KOOLFLY,TheRaggedPriest
KOOLFLY,welikenobrand
KOOLFLY,humorclothing
KOOLFLY,ichifashion
KOOLFLY,AlphaIndustries
KOOLFLY,jojo_juanita
KOOLFLY,berenicefrance
KOOLFLY,mohxaclothing
KOOLFLY,skyriazakos
KOOLFLY,SUNPOCKET
KOOLFLY,Despiswimwear
KOOLFLY,whosnextdotcom
KOOLFLY,breadandbutter
KOOLFLY,katirmatzis
KOOLFLY,entertvgr
KOOLFLY,fayscontrol
KOOLFLY,trendsettersgr
KOOLFLY,muserebelle
KOOLFLY,alwaysoptimist
KOOLFLY,DesignSupe
KOOLFLY,PopagandaGR
KOOLFLY,KlaidraJewelry
KOOLFLY,Converse
KOOLFLY,flippinboo
KOOLFLY,studio_ode
KOOLFLY,AngeleyeLondon
KOOLFLY,instagram
KOOLFLY,KOMONO
KOOLFLY,MotelRocks
KOOLFLY,AndriasDose
KOOLFLY,nefeligeorgala
KOOLFLY,OVSofficial
KOOLFLY,Overmenu
KOOLFLY,Goldie_London
KOOLFLY,wearit9
KOOLFLY,FashionableGr
KOOLFLY,HelenIatrou
KOOLFLY,180dgrs
KOOLFLY,trendsurvivor
KOOLFLY,vaskogiou
KOOLFLY,fays_book
KOOLFLY,InkkasWorldwear
KOOLFLY,Vyrsodepseio
KOOLFLY,Queen_gr
KOOLFLY,Stylight
KOOLFLY,ELLEmagazine
KOOLFLY,harpersbazaarus
KOOLFLY,_KazMir_
KOOLFLY,UGG
KOOLFLY,marianodivaio
KOOLFLY,Sugarfreeshops
KOOLFLY,BlouBlou
KOOLFLY,Onemangr
KOOLFLY,Marketingweek
KOOLFLY,Prada
KOOLFLY,VictoriasSecret
KOOLFLY,TeenVogue
KOOLFLY,InterviewMag
KOOLFLY,AndreasNtotsias
KOOLFLY,localscale
KOOLFLY,TEDx
KOOLFLY,TEDxAcademy
KOOLFLY,rihanna
KOOLFLY,RalphLauren
KOOLFLY,joytvgr
KOOLFLY,theStyleSays
KOOLFLY,Natassa_mak
KOOLFLY,FashionDailyGr
KOOLFLY,athensbiennale
KOOLFLY,lifomag
KOOLFLY,enlefko877
KOOLFLY,SamsungMobile
KOOLFLY,doctvgr
KOOLFLY,EugeniaCycladic
KOOLFLY,Danaiwrites
KOOLFLY,LianaVourakis
KOOLFLY,Nissan_Greece
KOOLFLY,benakifestival
KOOLFLY,Stayclip
KOOLFLY,TheFReporter
KOOLFLY,Beton7arts
KOOLFLY,mariakofou
KOOLFLY,Maro_Par
KOOLFLY,LibertyLondon
KOOLFLY,PublicStores
KOOLFLY,Vodafone_CU
KOOLFLY,stylescrapbook
KOOLFLY,cherryvdwoodsen
KOOLFLY,OliviaPalermo
KOOLFLY,filippofiora
KOOLFLY,ChiaraFerragni
KOOLFLY,IntersectRetail
KOOLFLY,LbdiPR
KOOLFLY,anna_keni
KOOLFLY,SGCNY
KOOLFLY,kayudesign
KOOLFLY,TeleFashion
KOOLFLY,LFWTheDaily
KOOLFLY,ReMapKM
KOOLFLY,cycladic_museum
KOOLFLY,KateAMoss
KOOLFLY,DaphneN7777
KOOLFLY,Beyonce
KOOLFLY,Fashionista_com
KOOLFLY,InStyleGreece
KOOLFLY,fashiolista
KOOLFLY,thefashionisto
KOOLFLY,ftape
KOOLFLY,wonderlandmag
KOOLFLY,GQStyle
KOOLFLY,FordModels
KOOLFLY,fashionfringe
KOOLFLY,jovannavlachava
KOOLFLY,marieclaireuk
KOOLFLY,FashionReactor
KOOLFLY,mminatsis
KOOLFLY,models
KOOLFLY,beatsbydre
KOOLFLY,newbalance
KOOLFLY,silverjeansco
KOOLFLY,FornarinaSA
KOOLFLY,Volcom
KOOLFLY,cheapmonday
KOOLFLY,BensimonGreece
KOOLFLY,GANT1949
KOOLFLY,aretitious
KOOLFLY,Baby_Guru
KOOLFLY,crystalqueen_gr
KOOLFLY,Sartorialist
KOOLFLY,stephaneclerc
KOOLFLY,cammipham
KOOLFLY,ApostolouSot
KOOLFLY,trendstop
KOOLFLY,_IFB
KOOLFLY,voguemagazine
KOOLFLY,AngelAlessandra
KOOLFLY,AdrianaLima
KOOLFLY,giseleofficial
KOOLFLY,heidiklum
KOOLFLY,MirandaKerr
KOOLFLY,ellemacpherson
KOOLFLY,petereconomides
KOOLFLY,NIC2012NYC
KOOLFLY,GAGAKIA
KOOLFLY,thenextweb
KOOLFLY,Gilt
KOOLFLY,DalaiLama
KOOLFLY,BillGates
KOOLFLY,coletteparis
KOOLFLY,richardbranson
KOOLFLY,GreekeCommerce
KOOLFLY,wgsn
KOOLFLY,ParthenisO
KOOLFLY,ShayaHansen
KOOLFLY,PeopleGreece
KOOLFLY,mirodesigners
KOOLFLY,CoolArtisan
KOOLFLY,swapnotshopgr
KOOLFLY,tsapanidou
KOOLFLY,MarieClaire_gr
KOOLFLY,tlifegr
KOOLFLY,nikikartsona
KOOLFLY,Dior
KOOLFLY,antonymorato
KOOLFLY,bellfieldclo
KOOLFLY,better_rich
KOOLFLY,blaumax
KOOLFLY,Bling_My_Thing
KOOLFLY,shopcosabella
KOOLFLY,cuckoosnestltd
KOOLFLY,cycleonweb
KOOLFLY,TshirtStoreSe
KOOLFLY,DIESEL
KOOLFLY,ecco
KOOLFLY,EmmaSwimwear
KOOLFLY,EnergySistem
KOOLFLY,filofax
KOOLFLY,HouseoftheGods
KOOLFLY,goincase
KOOLFLY,pavlinoui
KOOLFLY,ilenaki1
KOOLFLY,Lacoste
KOOLFLY,lomography
KOOLFLY,Maggoosh
KOOLFLY,ZacheZachrisson
KOOLFLY,ModFitterscom
KOOLFLY,MoltonBrownUK
KOOLFLY,Native_Union
KOOLFLY,nautica
KOOLFLY,pantone
KOOLFLY,paperblanks
KOOLFLY,PepeJeans
KOOLFLY,PinUpStars1
KOOLFLY,reignitalia
KOOLFLY,Religion_UK
KOOLFLY,REPLAY
KOOLFLY,Sixpack_France
KOOLFLY,TrussardiNews
KOOLFLY,Urbanears
KOOLFLY,VintageHavana
KOOLFLY,watermelon_gr
KOOLFLY,WornBy
KOOLFLY,ZDARboots
KOOLFLY,dutchesss_
KOOLFLY,VickyKaya_
KOOLFLY,F_Workshop
KOOLFLY,HYPEBEAST
KOOLFLY,NETROBE
KOOLFLY,zarkadi
KOOLFLY,Yatzer
KOOLFLY,ledaka
KOOLFLY,MissBloomgr
KOOLFLY,alexandrakoumba
KOOLFLY,away_gr
KOOLFLY,CHANEL
KOOLFLY,vvrettakos
KOOLFLY,madVMA
KOOLFLY,madtv
KOOLFLY,mad_walk
KOOLFLY,ZeusNDione
KOOLFLY,FolliFolliegr
KOOLFLY,mystyleforecast
KOOLFLY,_Redinoz_
KOOLFLY,savoirvillegr
KOOLFLY,TheiaLab
KOOLFLY,angelosbratis
KOOLFLY,KiehlsGR
KOOLFLY,sure_it_does
KOOLFLY,nayakiz
KOOLFLY,saketattoocrew
KOOLFLY,WeRSM
KOOLFLY,LauraNarjes
KOOLFLY,MaLiYa_Fashion
KOOLFLY,Vareloglou
KOOLFLY,Nike
KOOLFLY,InglotGreece
KOOLFLY,fasht
KOOLFLY,lsf_avmag
KOOLFLY,prettynyummy_gr
KOOLFLY,EvelynKazan
KOOLFLY,toimoifashion
KOOLFLY,YorgosKelefis
KOOLFLY,freshhotel
KOOLFLY,orionlondonuk
KOOLFLY,Bonsui
KOOLFLY,Elenista
KOOLFLY,SavoteurCo
KOOLFLY,TheMeetMarketGR
KOOLFLY,Barbour
KOOLFLY,FIFTYFIVEDSL
KOOLFLY,5preview
KOOLFLY,quayaustralia
KOOLFLY,Reebok
KOOLFLY,FashionUnitedUK
KOOLFLY,Fashion_Monitor
KOOLFLY,PatiPeri
KOOLFLY,Caradelevingne
KOOLFLY,halfboyhalfgir_
KOOLFLY,AnnaPrelevic
KOOLFLY,HighandChic
KOOLFLY,InnerEarRecords
KOOLFLY,MyronasStratis
KOOLFLY,vdavitidis
KOOLFLY,annousa_mela
KOOLFLY,LomographyGre
KOOLFLY,christinella22
KOOLFLY,LemoncakeW
KOOLFLY,ColoudHP
KOOLFLY,sneakaces
KOOLFLY,Reikopants
KOOLFLY,Vasilenia
KOOLFLY,goldenfoxx
KOOLFLY,nest_media
KOOLFLY,nikesb
KOOLFLY,Prigipo
KOOLFLY,paulsarz
KOOLFLY,kalavros
KOOLFLY,mitso2006
KOOLFLY,Vasiakk
KOOLFLY,Akira_Mushi
KOOLFLY,tmastrogiannis
KOOLFLY,irinathecynical
KOOLFLY,Gab_Nikolaidis
KOOLFLY,groovylittleme
KOOLFLY,alexkatsaiti
KOOLFLY,NikZachariadis
KOOLFLY,VANS_Europe
KOOLFLY,LadyPapayacom
KOOLFLY,theflat_athens
KOOLFLY,kanella
KOOLFLY,lavandclothing
KOOLFLY,AXDWeek
KOOLFLY,ckontova
KOOLFLY,bluelounge
KOOLFLY,twisttango
KOOLFLY,SmellsLFashion
KOOLFLY,tgeorgakopoulos
KOOLFLY,tavitulle
KOOLFLY,Platformgr
KOOLFLY,streetgeist
KOOLFLY,Dazed
KOOLFLY,NylonMag
KOOLFLY,i_D
KOOLFLY,mariaflora
KOOLFLY,cartoondandy
KOOLFLY,littlestylist
KOOLFLY,spottedm
KOOLFLY,highsnobiety
KOOLFLY,snkrfrkrmag
KOOLFLY,Peace__Chaos
KOOLFLY,lor3lai
KOOLFLY,WhoWhatWear
KOOLFLY,ZoeDrakouli
KOOLFLY,beautydiariesgr
KOOLFLY,Refinery29
KOOLFLY,OzonMagazine
KOOLFLY,MissGourgourini
KOOLFLY,LoukasM
KOOLFLY,Designwarsgr
KOOLFLY,TEDxAthens
KOOLFLY,lydiadinner
KOOLFLY,VogueRunway
KOOLFLY,TheCut
KOOLFLY,wearthistoday
KOOLFLY,nikisot
KOOLFLY,Birdy_nam_nam
KOOLFLY,joanaddicted
KOOLFLY,cristie_t
KOOLFLY,victoriabeckham
KOOLFLY,BoF
KOOLFLY,pgezerlis
KOOLFLY,BourounisK
KOOLFLY,ReginaKouri
KOOLFLY,boylondon
KOOLFLY,propagandask8
KOOLFLY,DickiesEurope
KOOLFLY,drmartens
KOOLFLY,mg_photos
KOOLFLY,AP_Fashion
KOOLFLY,ustrikemyfancy
KOOLFLY,leica_camera
KOOLFLY,Vans
KOOLFLY,TGeladaki
KOOLFLY,TOMS
KOOLFLY,NFSale
KOOLFLY,POPSUGARFashion
KOOLFLY,shopermou112a
KOOLFLY,TheBodyShopGR
KOOLFLY,mairiboo
KOOLFLY,alexkavdas
KOOLFLY,repeller
KOOLFLY,christosdiesel
KOOLFLY,Topshop
KOOLFLY,some_chrs
KOOLFLY,Foteineli
KOOLFLY,fashionhasit
KOOLFLY,ShoppingTh
KOOLFLY,ZoiGetsStyled
KOOLFLY,StyleSalvage
KOOLFLY,156London
KOOLFLY,cocorocha
KOOLFLY,karliekloss
KOOLFLY,jimshi809
KOOLFLY,InTheKnow
KOOLFLY,MTVstyle
KOOLFLY,BritishVogue
KOOLFLY,RookieMag
KOOLFLY,twit_tina
KOOLFLY,wardroberecycle
KOOLFLY,valiaCom
KOOLFLY,imatiothiki
KOOLFLY,Evi_LW
KOOLFLY,ABritGreek
KOOLFLY,nyxtespremieras
KOOLFLY,swissmiss
KOOLFLY,tattly
KOOLFLY,henryholland
KOOLFLY,hufworldwide
KOOLFLY,nadtheocar
KOOLFLY,lopilopi
KOOLFLY,klairaki
KOOLFLY,Superdry
georgedim86,nokia
